<?xml version="1.0" encoding="utf-8"?>
<merger version="3"><dataSet aapt-namespace="http://schemas.android.com/apk/res-auto" config="androidx.annotation:annotation-experimental:1.3.0$Generated" generated="true" ignore_pattern="!.svn:!.git:!.ds_store:!*.scc:.*:&lt;dir>_*:!CVS:!thumbs.db:!picasa.ini:!*~"><source path="/Users/sushilgiri/.gradle/caches/transforms-3/eacce61ab5302fb5641960e1d5a33f76/transformed/annotation-experimental-1.3.0/res"/></dataSet><dataSet aapt-namespace="http://schemas.android.com/apk/res-auto" config="androidx.annotation:annotation-experimental:1.3.0" from-dependency="true" generated-set="androidx.annotation:annotation-experimental:1.3.0$Generated" ignore_pattern="!.svn:!.git:!.ds_store:!*.scc:.*:&lt;dir>_*:!CVS:!thumbs.db:!picasa.ini:!*~"><source path="/Users/sushilgiri/.gradle/caches/transforms-3/eacce61ab5302fb5641960e1d5a33f76/transformed/annotation-experimental-1.3.0/res"><file path="/Users/sushilgiri/.gradle/caches/transforms-3/eacce61ab5302fb5641960e1d5a33f76/transformed/annotation-experimental-1.3.0/res/values/values.xml" qualifiers=""/></source></dataSet><dataSet aapt-namespace="http://schemas.android.com/apk/res-auto" config="androidx.test:core:1.5.0$Generated" generated="true" ignore_pattern="!.svn:!.git:!.ds_store:!*.scc:.*:&lt;dir>_*:!CVS:!thumbs.db:!picasa.ini:!*~"><source path="/Users/sushilgiri/.gradle/caches/transforms-3/bf1e231cd86953bf43281c96651487f7/transformed/core-1.5.0/res"/></dataSet><dataSet aapt-namespace="http://schemas.android.com/apk/res-auto" config="androidx.test:core:1.5.0" from-dependency="true" generated-set="androidx.test:core:1.5.0$Generated" ignore_pattern="!.svn:!.git:!.ds_store:!*.scc:.*:&lt;dir>_*:!CVS:!thumbs.db:!picasa.ini:!*~"><source path="/Users/sushilgiri/.gradle/caches/transforms-3/bf1e231cd86953bf43281c96651487f7/transformed/core-1.5.0/res"><file path="/Users/sushilgiri/.gradle/caches/transforms-3/bf1e231cd86953bf43281c96651487f7/transformed/core-1.5.0/res/values-v28/values.xml" qualifiers="v28"><style name="WhiteBackgroundDialogTheme" parent="@android:style/Theme.Material.Dialog.NoActionBar">
<item name="android:windowNoTitle">true</item>
<item name="android:windowFullscreen">false</item>
<item name="android:windowOverscan">true</item>
<item name="android:fadingEdge">none</item>
<item name="android:windowBackground">@android:color/white</item>
<item name="android:windowContentTransitions">false</item>
<item name="android:windowAnimationStyle">@null</item>
</style><style name="WhiteBackgroundTheme" parent="@android:style/Theme.Material.NoActionBar.Fullscreen">
<item name="android:windowNoTitle">true</item>
<item name="android:windowFullscreen">false</item>
<item name="android:windowOverscan">true</item>
<item name="android:fadingEdge">none</item>
<item name="android:windowBackground">@android:color/white</item>
<item name="android:windowContentTransitions">false</item>
<item name="android:windowAnimationStyle">@null</item>
</style></file><file path="/Users/sushilgiri/.gradle/caches/transforms-3/bf1e231cd86953bf43281c96651487f7/transformed/core-1.5.0/res/values-v21/values.xml" qualifiers="v21"><style name="WhiteBackgroundDialogTheme" parent="@android:style/Theme.Holo.Dialog.NoActionBar">
<item name="android:windowNoTitle">true</item>
<item name="android:windowFullscreen">false</item>
<item name="android:windowOverscan">true</item>
<item name="android:fadingEdge">none</item>
<item name="android:windowBackground">@android:color/white</item>
<item name="android:windowContentTransitions">false</item>
<item name="android:windowAnimationStyle">@null</item>
</style><style name="WhiteBackgroundTheme" parent="@android:style/Theme.Holo.NoActionBar.Fullscreen">
<item name="android:windowNoTitle">true</item>
<item name="android:windowFullscreen">false</item>
<item name="android:windowOverscan">true</item>
<item name="android:fadingEdge">none</item>
<item name="android:windowBackground">@android:color/white</item>
<item name="android:windowContentTransitions">false</item>
<item name="android:windowAnimationStyle">@null</item>
</style></file><file path="/Users/sushilgiri/.gradle/caches/transforms-3/bf1e231cd86953bf43281c96651487f7/transformed/core-1.5.0/res/values-v18/values.xml" qualifiers="v18"><style name="WhiteBackgroundDialogTheme" parent="@android:style/Theme.Holo.Dialog.NoActionBar">
<item name="android:windowNoTitle">true</item>
<item name="android:windowFullscreen">false</item>
<item name="android:windowOverscan">true</item>
<item name="android:fadingEdge">none</item>
<item name="android:windowBackground">@android:color/white</item>
<item name="android:windowAnimationStyle">@null</item>
</style><style name="WhiteBackgroundTheme" parent="@android:style/Theme.Holo.NoActionBar.Fullscreen">
<item name="android:windowNoTitle">true</item>
<item name="android:windowFullscreen">false</item>
<item name="android:windowOverscan">true</item>
<item name="android:fadingEdge">none</item>
<item name="android:windowBackground">@android:color/white</item>
<item name="android:windowAnimationStyle">@null</item>
</style></file><file path="/Users/sushilgiri/.gradle/caches/transforms-3/bf1e231cd86953bf43281c96651487f7/transformed/core-1.5.0/res/values/values.xml" qualifiers=""><style name="WhiteBackgroundDialogTheme" parent="@android:style/Theme.Holo.Dialog.NoActionBar">
<item name="android:windowNoTitle">true</item>
<item name="android:windowFullscreen">false</item>
<item name="android:fadingEdge">none</item>
<item name="android:windowBackground">@android:color/white</item>
<item name="android:windowAnimationStyle">@null</item>
</style><style name="WhiteBackgroundTheme" parent="@android:style/Theme.Holo.NoActionBar.Fullscreen">
<item name="android:windowNoTitle">true</item>
<item name="android:windowFullscreen">false</item>
<item name="android:fadingEdge">none</item>
<item name="android:windowBackground">@android:color/white</item>
<item name="android:windowAnimationStyle">@null</item>
</style></file></source></dataSet><dataSet aapt-namespace="http://schemas.android.com/apk/res-auto" config="androidTest$Generated" generated="true" ignore_pattern="!.svn:!.git:!.ds_store:!*.scc:.*:&lt;dir>_*:!CVS:!thumbs.db:!picasa.ini:!*~"><source path="/Users/sushilgiri/Desktop/GI_Project/app/src/androidTest/res"/><source path="/Users/sushilgiri/Desktop/GI_Project/app/build/generated/res/rs/androidTest/debug"/><source path="/Users/sushilgiri/Desktop/GI_Project/app/build/generated/res/resValues/androidTest/debug"/></dataSet><dataSet aapt-namespace="http://schemas.android.com/apk/res-auto" config="androidTest" generated-set="androidTest$Generated" ignore_pattern="!.svn:!.git:!.ds_store:!*.scc:.*:&lt;dir>_*:!CVS:!thumbs.db:!picasa.ini:!*~"><source path="/Users/sushilgiri/Desktop/GI_Project/app/src/androidTest/res"/><source path="/Users/sushilgiri/Desktop/GI_Project/app/build/generated/res/rs/androidTest/debug"/><source path="/Users/sushilgiri/Desktop/GI_Project/app/build/generated/res/resValues/androidTest/debug"/></dataSet><dataSet aapt-namespace="http://schemas.android.com/apk/res-auto" config="androidTestDebug$Generated" generated="true" ignore_pattern="!.svn:!.git:!.ds_store:!*.scc:.*:&lt;dir>_*:!CVS:!thumbs.db:!picasa.ini:!*~"><source path="/Users/sushilgiri/Desktop/GI_Project/app/src/androidTestDebug/res"/></dataSet><dataSet aapt-namespace="http://schemas.android.com/apk/res-auto" config="androidTestDebug" generated-set="androidTestDebug$Generated" ignore_pattern="!.svn:!.git:!.ds_store:!*.scc:.*:&lt;dir>_*:!CVS:!thumbs.db:!picasa.ini:!*~"><source path="/Users/sushilgiri/Desktop/GI_Project/app/src/androidTestDebug/res"/></dataSet><dataSet aapt-namespace="http://schemas.android.com/apk/res-auto" config="generated$Generated" generated="true" ignore_pattern="!.svn:!.git:!.ds_store:!*.scc:.*:&lt;dir>_*:!CVS:!thumbs.db:!picasa.ini:!*~"/><dataSet aapt-namespace="http://schemas.android.com/apk/res-auto" config="generated" generated-set="generated$Generated" ignore_pattern="!.svn:!.git:!.ds_store:!*.scc:.*:&lt;dir>_*:!CVS:!thumbs.db:!picasa.ini:!*~"/><mergedItems/></merger>