<?xml version="1.0" encoding="utf-8"?>
<merger version="3"><dataSet config="main" ignore_pattern="!.svn:!.git:!.ds_store:!*.scc:.*:&lt;dir>_*:!CVS:!thumbs.db:!picasa.ini:!*~"><source path="/Users/sushilgiri/Desktop/GI_Project/app/src/main/assets"><file name="Dummy_Dataset.json" path="/Users/sushilgiri/Desktop/GI_Project/app/src/main/assets/Dummy_Dataset.json"/></source><source path="/Users/sushilgiri/Desktop/GI_Project/app/build/intermediates/shader_assets/debug/out"/></dataSet><dataSet config="debug" ignore_pattern="!.svn:!.git:!.ds_store:!*.scc:.*:&lt;dir>_*:!CVS:!thumbs.db:!picasa.ini:!*~"><source path="/Users/sushilgiri/Desktop/GI_Project/app/src/debug/assets"/></dataSet></merger>