<?xml version="1.0" encoding="utf-8"?>
<resources>
    <color name="black">#FF000000</color>
    <color name="purple_200">#FFBB86FC</color>
    <color name="purple_500">#FF6200EE</color>
    <color name="purple_700">#FF3700B3</color>
    <color name="teal_200">#FF03DAC5</color>
    <color name="teal_700">#FF018786</color>
    <color name="white">#FFFFFFFF</color>
    <string name="app_name">GI_Project</string>
    <string name="title_activity_maps">MapsActivity</string>
    <style name="Theme.GI_Project" parent="Theme.MaterialComponents.DayNight.DarkActionBar">
        
        <item name="colorPrimary">@color/purple_500</item>
        <item name="colorPrimaryVariant">@color/purple_700</item>
        <item name="colorOnPrimary">@color/white</item>
        
        <item name="colorSecondary">@color/teal_200</item>
        <item name="colorSecondaryVariant">@color/teal_700</item>
        <item name="colorOnSecondary">@color/black</item>
        
        <item name="android:statusBarColor">?attr/colorPrimaryVariant</item>
        
    </style>
</resources>